case,ev_bus,ev_phase,status,minV_A,minV_B,minV_C,minBus_A,minBus_B,minBus_C,belowVMIN_A,belowVMIN_B,belowVMIN_C,vuf_mean,vuf_p95,vuf_max,vuf_max_bus
baseline,,,LOCALLY_SOLVED,217.37591316444605,225.0313014565604,229.9999999892745,813,701,sourcebus,0,0,0,0.00859793078074636,0.01102885843288723,0.011292190670547856,813
ev_source,sourcebus,a,LOCALLY_SOLVED,217.37119601957278,225.03256253887264,229.99999998925793,813,701,sourcebus,0,0,0,0.008600508432584378,0.011033659292855607,0.01129625549832446,813
ev_mid,337,a,LOCALLY_SOLVED,217.37119601957278,225.03256253887264,229.99999998925793,813,701,sourcebus,0,0,0,0.008600508432584378,0.011033659292855607,0.01129625549832446,813
ev_far,899,a,LOCALLY_SOLVED,217.37119601957278,225.03256253887264,229.99999998925793,813,701,sourcebus,0,0,0,0.008600508432584378,0.011033659292855607,0.01129625549832446,813
ev_weakest,813,a,LOCALLY_SOLVED,217.37119601957278,225.03256253887264,229.99999998925793,813,701,sourcebus,0,0,0,0.008600508432584378,0.011033659292855607,0.01129625549832446,813
