case,ev_kw,ev_bus,ev_phase,status,minV_A,minV_B,minV_C,minBus_A,minBus_B,minBus_C,belowVMIN_A,belowVMIN_B,belowVMIN_C,vuf_mean,vuf_p95,vuf_max,vuf_max_bus
baseline,0.0,,,LOCALLY_SOLVED,217.37591316444605,225.0313014565604,229.9999999892745,813,701,sourcebus,0,0,0,0.00859793078074636,0.01102885843288723,0.011292190670547856,813
sev_ev_0p0kw,0.0,813,a,LOCALLY_SOLVED,217.37591316444605,225.0313014565604,229.9999999892745,813,701,sourcebus,0,0,0,0.00859793078074636,0.01102885843288723,0.011292190670547856,813
sev_ev_3p5kw,3.5,813,a,LOCALLY_SOLVED,217.37355462870428,225.03193198740027,229.99999998926623,813,701,sourcebus,0,0,0,0.008599219544471133,0.011031258719707929,0.011294222987025104,813
sev_ev_7p0kw,7.0,813,a,LOCALLY_SOLVED,217.37119601957278,225.03256253887264,229.99999998925793,813,701,sourcebus,0,0,0,0.008600508432584378,0.011033659292855607,0.01129625549832446,813
sev_ev_11p0kw,11.0,813,a,LOCALLY_SOLVED,217.368500376406,225.0332831943928,229.99999998924852,813,701,sourcebus,0,0,0,0.008601981599844538,0.011036403155495474,0.011298578606874946,813
sev_ev_14p0kw,14.0,813,a,LOCALLY_SOLVED,217.36647858111345,225.0338237037289,229.9999999892414,813,701,sourcebus,0,0,0,0.008603086581864858,0.011038461297725368,0.011300321105200807,813
sev_ev_18p0kw,18.0,813,a,LOCALLY_SOLVED,217.36378277015874,225.0345444064288,229.99999998922974,813,701,sourcebus,0,0,0,0.008604560033258173,0.011041205814210444,0.011302644658762467,813
sev_ev_22p0kw,22.0,813,a,LOCALLY_SOLVED,217.36108698888287,225.03526517025793,230.0000000000066,813,701,sourcebus,0,0,0,0.008606033499409726,0.011043950554330606,0.011304968315772717,813
